Page ID,Page Name,Disclaimer,Amount Spent (USD)
736198543440939,New Approach Montana,NEW APPROACH MONTANA,12555
748857881986418,Montana True,SMP,10561
102291391641646,Daines Out for Himself,MONTANANS FOR BULLOCK,8616
176789922364429,Steve Daines,STEVE DAINES FOR MONTANA,5575
172298889630363,Republican Attorneys General Association,REPUBLICAN ATTORNEYS GENERAL ASSOCIATION,4449
108207277708370,Wildest Montana,MONTANANS FOR BULLOCK,3601
103548911154638,Rural America 2020,Rural America Fund,3587
102772418169411,Good Jobs MT,Good Jobs MT,3059
1255514891283096,RGA Right Direction PAC,RGA RIGHT DIRECTION PAC,2838
700806360047982,CFG Action,Club for Growth Action,2602
22561081832,NRA Institute for Legislative Action,NRA Victory Fund,2554
1155212867963791,AFP Action,"AMERICANS FOR PROSPERITY ACTION, INC.(AFP ACTION)",2538
109894877501594,Steve Daines Follows The Money,DSCC,2347
121308889733676,No on LR 130,Vote No on LR-130,2337
117580163436452,DAGA People's Lawyer Project Montana,DAGA People's Lawyer Project Montana,2281
119214183247454,Montana Hunters and Anglers Leadership Fund,Montana Hunters and Anglers Leadership Fund,2109
121193649718518,Wrong For Montana,Wrong For Montana,1906
113437503753889,The Real Steve Bullock,NRSC,1629
111288764064979,Americans for All,Americans for All,1406
1576552839287418,Senate Leadership Fund,Senate Leadership Fund,1341
1747132688647028,Democratic Association of Secretaries of State,Democratic Association of Secretaries of State,1233
100053898949,Montana Republican Party,MONTANA REPUBLICAN STATE CENTRAL COMMITTEE,1185
108824017345866,Facebook,"Facebook, Inc.",1167
129255907131113,NumbersUSA,NUMBERSUSA EDUCATION AND RESEARCH FOUNDATION,1075
602714436529710,End Citizens United,END CITIZENS UNITED,1007
20531316728,Facebook App,"Facebook, Inc.",999
105732744375701,Steve Bullock,MONTANANS FOR BULLOCK,921
48837932638,Montana Democratic Party,Montana Democratic Party,913
228754857151053,House Majority PAC,House Majority PAC,846
360303722260,Kathleen Williams,KATHLEEN WILLIAMS FOR MONTANA,799
8934429638,Planned Parenthood Action,Planned Parenthood Votes,785
16477459734,League of Conservation Voters,"LEAGUE OF CONSERVATION VOTERS, INC",770
100641371470298,Wild Montana Action Fund,Wild Montana Action Fund,718
127755494595870,Progressive Takeover,PROGRESSIVE TAKEOVER,711
102172141548735,Outdoors Montana,Montana Democratic Party,678
153080620724,Donald J. Trump,TRUMP MAKE AMERICA GREAT AGAIN COMMITTEE,671
165987503528599,Lindsey Graham,"TEAM GRAHAM, INC.",625
100609191787271,Common Sense Voters Of America LLC,Common Sense Voters of America LLC,609
367152833370567,Instagram,"Facebook, Inc.",591
113891694102,Energy Citizens,AMERICAN PETROLEUM INSTITUTE,582
7860876103,Joe Biden,BIDEN VICTORY FUND,573
18957518672,Rock the Vote,Rock The Vote,565
156968474833352,Stop Republicans,Stop Republicans,556
116287614512,Bryce Bennett,Bryce Bennett for Secretary of State,502
112284557142860,Montana Education,"MFPE, Amanda Curtis, President, 1232 E. 6th Avenue, Helena, MT, 59601",436
684120568395965,OpenSource MT,OpenSource Montana,396
476879826217260,Black for Montana,Mike Black for Montana Supreme Court,395
561200190984484,Montana Prosperity PAC,Montana Prosperity PAC,394
442159053368561,Women Speak Out PAC,Women Speak Out PAC,378
88100109057,ACLU of Montana,ACLU of Montana,352
106822030959533,Jasmine Taylor for HD22,Jasmine Taylor for HD22,328
112325855474892,Speak Up For Education and Kids,National Education Association,313
150621451650636,Montana Wilderness Association,"MONTANA WILDERNESS ASSOCIATION, INC.",306
1179947005448206,Own It Voice It,"RAI Services Company, a subsidiary of Reynolds American Inc.",295
244554749685,National Congress of American Indians,NATIONAL CONGRESS OF AMERICAN INDIANS with Facebook ad credits,291
24413227922,Kamala Harris,BIDEN VICTORY FUND,287
328072970642479,Jaime Harrison,JAIME HARRISON FOR US SENATE,286
193568774210,Montana Republican Legislative Campaign Committee,Montana Republican Legislative Campaign Committee,272
115672828500635,Montana Hospital Association,Montana Hospital Association PAC,270
630616383749879,Mike Foote,Protect Our Winters Action Fund,268
242156335955983,Zach Brown,Zach Brown for Gallatin County Commission,254
243547569127454,Carol's List,Carol's List,248
101279451606075,Democratic Strategy Institute,Democratic Strategy Institute,246
1771156219840594,Team Trump,TRUMP MAKE AMERICA GREAT AGAIN COMMITTEE,243
280034132055819,WhatsApp,WhatsApp Inc.,239
672910176482462,Raph Graybill for Attorney General,FRIENDS OF RAPH GRAYBILL,237
486742462081051,Mike Cooney for Governor,Cooney for Montana,234
1615018905412860,Progressive Turnout Project,PROGRESSIVE TURNOUT PROJECT,219
107237344474393,Montana Speaks Out,MONTANANS FOR BULLOCK,217
116945146375650,Christi Jacobsen,Christi Jacobsen for Montana,181
6726182861,Mike Pence,TRUMP MAKE AMERICA GREAT AGAIN COMMITTEE,169
571748412859876,Matt Rosendale,Matt Rosendale for Montana,156
21090771700,Gun Owners of America,Gun Owners of America,147
117144508670456,GUNVOTE,National Shooting Sports Foundation,135
925007000949719,ExxonMobil,Exxon Mobil Corporation,133
443329669123990,USAFacts,USAFacts Institute,132
100376954848938,Vote Tom Rolfe,Tom Rolfe for County Commissioner,131
169597416843751,Stand Up America,Stand Up America,124
1556932204325823,ProgressPop,ProgressPop,122
2197543200459333,One Country Project,One Country Inc,118
830121337093232,National Democratic Training Committee,NATIONAL DEMOCRATIC TRAINING COMMITTEE PAC,110
1460616854160607,Elsie for Montana,"Elsie Arntzen for State Superintendent, P.O. Box 1597, Helena, MT 59624",106
105577974544303,The USA Needs More Patriots,AmeriPolling,103
538649879867825,Red Table Talk,"Facebook, Inc.",≤100
259130650776119,Mitch McConnell,MCCONNELL SENATE COMMITTEE,≤100
109392040690237,Campbell for Montana,Colette Campbell for Montana House District 67,≤100
1815187388753307,Montana Federation of Public Employees,Montana Federation of Public Employees,≤100
123230422847893,406 Nations,Montana Democratic Party,≤100
101376975079811,American Leadership Fund,American Leadership Fund,≤100
608702206450444,Montanans for Effective Government,Montanans for Effective Government,≤100
1449461518652183,4Patriots,4Patriots LLC,≤100
706716899745696,Women for Trump,TRUMP MAKE AMERICA GREAT AGAIN COMMITTEE,≤100
1486786911550436,Montanans For Limited Government,MONTANANS FOR LIMITED GOVERNMENT,≤100
108813882746,American Cancer Society Cancer Action Network Montana - ACS CAN,AMERICAN CANCER SOCIETY CANCER ACTION NETWORK INC,≤100
163148530407080,Captain Mark Kelly,MARK KELLY FOR SENATE,≤100
2352630938293825,Mytacticalpromos,Entremax,≤100
327837911149503,2A4Life,2A4LIFE LLC,≤100
605168822998856,314 Action,314 ACTION FUND,≤100
109439470678419,Robin Hammond for District Court Judge,Robin Hammond for Judge,≤100
127225910653607,PragerU,PragerU,≤100
289529481685808,Mark Piskolich for Justice of the Peace,Mark Piskolich for Justice of the Peace,≤100
1013391422160726,Dr. Jane Gillette for MT House,Dr. Jane Gillette,≤100
114710126648118,Republican Dogs,Republican Dogs,≤100
302182941354,AARP Advocates,AARP,≤100
111073050337597,Pope for Montana Senate,Chris Pope for Montana Senate,≤100
105756057589080,The Lincoln Project,The Lincoln Project,≤100
105417287979883,Realtors for Steve Daines,National Association of REALTORS,≤100
202531447982,Jimmy Chin,Protect Our Winters,≤100
278490715553293,Martha McSally,MCSALLY FOR SENATE INC,≤100
294061056548,Austin Knudsen for Montana,Austin for Montana,≤100
791543660926838,"I'll go ahead and keep my guns, Thanks",2A4LIFE LLC,≤100
104856814505092,The Kids Guide,The Kids Guide,≤100
387312204617372,American Tort Reform Association,"AMERICAN TORT REFORM ASSOCIATION, INC.",≤100
85452072376,Newsmax,"NEWSMAX MEDIA, INC.",≤100
1316372698453411,Alexandria Ocasio-Cortez,Alexandria Ocasio-Cortez for Congress,≤100
97493741436,John W. Hickenlooper,HICKENLOOPER FOR COLORADO,≤100
168051710543266,Lacy Johnson,Lacy Johnson for Congress,≤100
10150100007820094,Wendy Davis,WENDY DAVIS FOR CONGRESS,≤100
108754587444715,Retain Jason Marks for District Court Judge,Marks for Judge,≤100
109111900634787,Reverend Raphael Warnock,WARNOCK FOR GEORGIA,≤100
109092142462587,Adam Schiff,SCHIFF FOR CONGRESS,≤100
2330577043935831,Sara Gideon,SARA GIDEON FOR MAINE,≤100
586488524838989,Tom France for Montana House District 94,Margaret Mary Haenn,≤100
9324910069,NRSC,NRSC,≤100
892673067526965,Project War Path,Project War Path,≤100
1797429147207331,NEON,"NEON RATED, LLC",≤100
103983379801,Texas Democratic Party,SUPER STATES 2020,≤100
1419388578092947,Anna Paulina Luna,ANNA PAULINA LUNA FOR CONGRESS,≤100
195530355493,Chicks On The Right,Chicks on the Right,≤100
1809078699219595,Fat Tire,"NEW BELGIUM BREWING COMPANY, INC.",≤100
8325302025,Friends of the Earth U.S.,Friends of the Earth,≤100
828902563856302,Chuck Schumer D-NY,FRIENDS OF SCHUMER,≤100
249247419293008,Braxton Mitchell for House District 3,Braxton For Montana,≤100
158791100909689,Concerned Veterans for America,Concerned Veterans for America,≤100
109379100777665,Patriotism Isn't Dead,Patriot Polling,≤100
19192438096,AAAS - The American Association for the Advancement of Science,American Association for the Advancement of Science,≤100
103960038106743,Crow Lives Matter,Crow Lives Matter,≤100
79125112926,Students for Life of America,"STUDENTS FOR LIFE OF AMERICA, INC.",≤100
108635370971125,Home Value Club,Home Value Club,≤100
328853823844484,Balance of Power,Balance of Power,≤100
428821014132730,Katie Porter,Katie Porter For Congress,≤100
1061240530648502,Joe Collins,JOE COLLINS FOR CONGRESS,≤100
42872222699,Dana Loesch,Dana Loesch Radio,≤100
596556607135301,The Earthling Co.,The Earthling Co.,≤100
150069371813700,Senator Margie MacDonald,MacDonald for Billings,≤100
103597604713894,Team Trump Store,TRUMP MAKE AMERICA GREAT AGAIN COMMITTEE,≤100
96935476345,Democratic Governors Association (DGA),DEMOCRATIC ACTION,≤100
7833534974,Florida Democratic Party,Florida Democratic Party,≤100
106244251043808,Reuse Plastics,"AMERICAN CHEMISTRY COUNCIL, INC.",≤100
2081864865362439,Mike Espy,MIKE ESPY FOR SENATE CAMPAIGN COMMITTEE,≤100
92925746942,Judicial Watch,Judicial Watch,≤100
120962494639704,First Five Years Fund,First Five Years Fund,≤100
504491792903510,Montana Native Vote,Tracie Joan Moss,≤100
2353115591423642,James Brown for Montana Public Service Commission,jamesbrown4psc,≤100
20787991568,Senate Democrats,DSCC,≤100
322954821077735,Tom Woods For Public Service Commission,Tom Woods for Public Service Commission,≤100
14856729724,Gap,Gap Inc,≤100
25852730092,Care2,Care2 Inc,≤100
112711020364839,Keystone XL Pipeline,TC Energy,≤100
1635441679872518,Kimberly Klacik,Kim Klacik for Congress,≤100
160513344045084,John Neely Kennedy,"John Kennedy for Us, Inc",≤100
172758932738142,PhRMA,PHARMACEUTICAL RESEARCH AND MANUFACTURERS OF AMERICA,≤100
11111618026,Union of Concerned Scientists,"UNION OF CONCERNED SCIENTISTS, INC.",≤100
96935476345,Democratic Governors Association (DGA),Democratic Governors Association,≤100
248775065305797,Black Butte Copper,Sandfire Resources America,≤100
101591551371555,Fire Mitch. Save America.,SAVE AMERICA FUND,≤100
683872625157265,Theresa Greenfield,THERESA GREENFIELD FOR IOWA,≤100
223055747744143,Beto O'Rourke,Powered By People,≤100
114598196591931,Monica Tranel for PSC,Tranel for PSC,≤100
1497520100475719,Cascade County Sheriff/Coroner's Office,Cascade County Sheriff's Office,≤100
110825477206136,Marta Bertoglio for State Representative,"Marta for Montana, PO Box 294, Clancy, MT 59634, Treasurer Megan Bullock",≤100
717115395103069,PrintedKicks,Printed Kicks,≤100
111247993833532,Lisa Pavlock for House District 93,Lisa Marie Pavlock,≤100
167606528159,Dockers,Levi Strauss & Co.,≤100
18982436812,ACLU,American Civil Liberties Union,≤100
309308412520731,Sandy Hook Promise,Sandy Hook Promise,≤100
277005566267077,Blueland,Blueland,≤100
675471506247724,Adair for Congress,ADAIR FOR CONGRESS,≤100
104673218071670,America Votes For Biden,TECH FOR CAMPAIGNS,≤100
6500552187,Hulu,"HULU, LLC",≤100
1374134752633656,New Health Plans,Shop Insurance Plans,≤100
1336293769761923,Jon Ossoff,JON OSSOFF FOR SENATE,≤100
5435784683,Greenpeace USA,"GREENPEACE, INC.",≤100
120547365195,National LGBTQ Task Force,These ads ran without a disclaimer,≤100
104614641200137,MeidasTouch,MEIDASTOUCH,≤100
109185544009033,Kris Spanjian for HD40,Kris Spanjian for HD40,≤100
260713150211,Protect Our Winters,Protect Our Winters,≤100
103644036958,United Association,United Association Political Education Committee,≤100
314499212242,Pfizer,Pfizer Inc.,≤100
530604487365010,Old Glory Flagpole Kits,Service First,≤100
333710103706307,Giffords,GIFFORDS PAC,≤100
309798029121030,Everytown for Gun Safety,Everytown for Gun Safety Action Fund Inc,≤100
213792049451918,Stand For America,Stand For America Inc,≤100
266344180585578,Jim Jordan for Congress,JIM JORDAN FOR CONGRESS,≤100
636840206489219,Montana Business Quarterly,University of Montana,≤100
376776419037747,Turning Point USA,Turning Point USA,≤100
109259897568722,The Democratic Senate Action Committee,THE DEMOCRATIC SENATE ACTION COMMITTEE,≤100
734235969941437,Jedediah Hinkle - Montana Legislature,Hinkle For Montana,≤100
6041057841,The Humane Society of the United States,"HUMANE SOCIETY OF THE UNITED STATES, THE",≤100
132492254050920,American AF,AAF Nation,≤100
101075798356272,ReOpen America Now,Command Center Holdings LLC,≤100
211129648950315,Western Native Voice,Tracie Joan Moss,≤100
100893138123492,Sandy Erhardt for Clerk of District Court,Cassandra Ann Erhardt,≤100
215199482635728,Alek Skarlatos,ALEK FOR OREGON,≤100
113666459994300,Big Dan Rodimer for Congress,RODIMER FOR CONGRESS,≤100
2078647579047586,Project Pulso,Pulso,≤100
24330467048,Americans for Prosperity,AMERICANS FOR PROSPERITY,≤100
315467021926595,Native Voice Network,"AMERICANS FOR INDIAN OPPORTUNITY, INC",≤100
36872302227,Cory Booker,Cory Booker for Senate,≤100
461965197900017,Ed Stafman for Montana,Ed Stafman for Montana,≤100
100256754899828,Patriot's Cave,Patriots Cave,≤100
111393882812494,Amy McGrath,"AMY MCGRATH FOR SENATE, INC.",≤100
170980280933,PA Democratic Party,PENNSYLVANIA DEMOCRATIC PARTY,≤100
123192635089,GOP,REPUBLICAN NATIONAL COMMITTEE,≤100
114054586907199,Ross Frazier for Montana HD 7,ROSS FRAZIER FOR HD 7,≤100
156268994819596,Marc J. Bern & Partners LLP,Marc J. Bern & Partners LLP,≤100
111023584012681,Open Road Homeward,Open Road Homeward,≤100
7976226799,The Daily Show,Comedy Central,≤100
53797383417,The National Urban League,National Urban League with Facebook Ad Credits,≤100
8057376739,The Nature Conservancy,Nature Conservancy,≤100
101329438317952,Story Network Action,Story Network Foundation,≤100
278478315828826,CNN Original Series,WarnerMedia LLC,≤100
43287633515,Alliance for Climate Education,Alliance for Climate Education,≤100
101968344682089,Re-Elect Justice McKinnon,Laurie McKinnon,≤100
130467958471,Jason Lewis,Jason Lewis for Senate,≤100
137855609584310,TBN,TRINITY BROADCASTING NETWORK INC,≤100
116238930177726,Artsiful,Brad Aaron Shaw,≤100
108109934203874,Insta Shop Boutique,Insta Shop Boutique,≤100
1338822066131069,Women's March,Women's March,≤100
1883837055193241,Shield Republic,Shield Republic,≤100
216709768355686,Dinesh D'Souza,America2020 Film LLC,≤100
278703415666824,Jeremy Jones,Protect Our Winters,≤100
1600352356914768,PushBlack,PushBlack,≤100
6820348410,Kirsten Gillibrand,Off the Sidelines,≤100
1107973016071967,Wesley Hunt,Hunt for Congress,≤100
530604487365010,Old Glory Flagpole Kits,Service First Flag Poles,≤100
7292655492,MoveOn,MOVEON.ORG POLITICAL ACTION,≤100
100757521655204,Republican Red Wine,REPUBLICAN RED LLC,≤100
46093654473,National Republican Congressional Committee,NRCC,≤100
1435071773455316,Daily Wire,The Daily Wire,≤100
118978558166627,Lewis and Clark County Democrats,Lewis & Clark County Democratic Central Committee,≤100
95356211637,Ben Ferguson,Ben Ferguson show,≤100
393932827634250,Dissent Pins,Common Practice,≤100
107439427661844,Accountable Tech,Accountable Tech,≤100
150138672501772,Protect Our Winters Action Fund,Protect Our Winters Action Fund,≤100
2353537341582545,Proud Patriots,Proud Patriots,≤100
350784278974539,Turning Point Action,Turning Point Action,≤100
6204742571,Sierra Club,SIERRA CLUB,≤100
461204744067686,Family Protection Association,Family Protection Association,≤100
101127364972509,Dems For USA,Dems For USA,≤100
29092950651,TED,TED Conferences,≤100
305832706292882,American Gun Association,GunAssociation.org,≤100
8501031021,VoteVets.org,VOTEVETS,≤100
109503650673946,Jennifer Allen for Montana House District 10,Allen4HD10,≤100
905962876138436,United Brotherhood of Carpenters and Joiners of America,United Brotherhood of Carpenters and Joiners of America,≤100
109677057145919,Hot Issue,Internet Binges,≤100
176466646087311,DC Fawcett,VREIC,≤100
7125294091,Teton Gravity Research,Protect Our Winters,≤100
203805062990264,Ben Shapiro,The Daily Wire,≤100
104113317870732,Free Markets Destroy,Washington Policy Center,≤100
108557097612242,Vote By Mail PAC,Vote By Mail PAC,≤100
143055773143383,Patients For Affordable Drugs NOW,Patients for Affordable Drugs Now,≤100
55549065733,Voto Latino,VOTO LATINO INC.,≤100
58736997707,Marco Rubio,Marco Rubio for Senate,≤100
45393753416,Alliance Defending Freedom,Alliance Defending Freedom,≤100
342294162453301,Planned Parenthood,Planned Parenthood Federation of America,≤100
8934429638,Planned Parenthood Action,Planned Parenthood Action Fund,≤100
101324424793972,Jimmy Patelis,Montanans for Jimmy Patelis (R),≤100
180496871664,Citizens For Balanced Use,CITIZENS FOR BALANCED USE,≤100
69983322463,Ted Cruz,TED CRUZ FOR SENATE,≤100
23875187730,Feeding America,Feeding America,≤100
105791402802932,Democratic Party of Georgia,SUPER STATES 2020,≤100
102617961152741,Barbara Bollier,BOLLIER FOR KANSAS,≤100
102782071486,Gallatin County Democrats,Gallatin County Democratic Central Committee,≤100
658739734196897,CVS Health,CVS HEALTH CORPORATION,≤100
476853692812920,Montana Big Tent Voters,Thomas H Giebink,≤100
160484230634663,National Urban Indian Family Coalition,National Urban Indian family Coalition with Facebook Ad Credits,≤100
593289284500311,Trump Rack,BOXD Marketing,≤100
1456310534453054,Veteran Loans Online,"LMB OpCo, LLC",≤100
367851896743849,Chris Friedel,"Friends of Chris Friedel  3302 2nd Ave. N. Billings, MT 59101 (R)",≤100
2116141045107743,Mike Garcia for Congress,Mike Garcia for Congress,≤100
110131184128140,We Are Respect The Look,Respect The Look,≤100
106663044307859,Mike Sievert,"T-MOBILE USA, INC.",≤100
681745912255844,John Cummings for Congress,CUMMINGS FOR CONGRESS,≤100
18492769291,Faithful America,Faithful America,≤100
100175268282397,Molly Bradberry for Clerk of District Court,Molly Bradberry Campaign Account,≤100
121124497909191,Native Vote,NATIONAL CONGRESS OF AMERICAN INDIANS OF THE UNITED STATES AND ALASKA INC,≤100
309798029121030,Everytown for Gun Safety,EVERYTOWN FOR GUN SAFETY VICTORY FUND (EVERYTOWN VICTORY FUND),≤100
168517233193784,American Heart Association - Montana,"American Heart Association, Inc.",≤100
260933440643373,UltraViolet,UltraViolet Action,≤100
206743952696198,Lower My Bills,"LMB OpCo, LLC",≤100
15687409793,World Wildlife Fund,World Wildlife Fund,≤100
11791104453,NRDC,Natural Resources Defense Council,≤100
80562389320,NARAL Pro-Choice America,NARAL Pro-Choice America,≤100
5720973755,Defenders of Wildlife,DEFENDERS OF WILDLIFE,≤100
106402714456835,ReforestBracelets,Trees4Australia,≤100
1010143499143169,Medicare Savings,"Mayo Labs, LLC",≤100
106973694007283,Keep America Great Again,KagaGear.com,≤100
926650430723985,Really American,REALLY AMERICAN PAC,≤100
104139141429419,RuralVote.org,RuralVote.org,≤100
569341730079626,Anne W. Giuliano,Friends of Anne Giuliano,≤100
6231686654,Compassion International,"COMPASSION INTERNATIONAL, INCORPORATED",≤100
338028696036,Yahoo News,Verizon Media Inc,≤100
513695272011123,The Genesis Prize,GPF NA LLC,≤100
107210084216238,Humanity Forward,Humanity Forward,≤100
385473284886474,Hillsdale College,HILLSDALE COLLEGE,≤100
15524934075,Banana Republic,Banana Republic,≤100
1070396243035218,Dan Salomon For Senate,Dan Salomon for State Senate,≤100
17023576156,The Leadership Conference on Civil and Human Rights,Leadership Conference Education Fund,≤100
20612127118,North Carolina Democratic Party,NORTH CAROLINA DEMOCRATIC PARTY - FEDERAL,≤100
106114264313679,Hunt The Vote,"Hunter Nation, Inc",≤100
162695894106234,Co-ops Vote,National Rural Electric Cooperative Association,≤100
102875587947942,Keep Trump In Office,Keep Trump In Office,≤100
114475890010131,Piggy Dollar Financial,Tyler Wayne Hedland,≤100
13759741267,Sesame Workshop,Sesame Workshop,≤100
665345483483486,NRA - National Rifle Association of America,NATIONAL RIFLE ASSN OF AMERICA,≤100
205395906412,UAW International Union,"INTERNATIONAL UNION, UNITED AUTOMOBILE, AEROSPACE AND AGRICULTURAL IMPLEMENT WORKERS OF AM",≤100
907919839243616,My Faith Votes,My Faith Votes,≤100
139398939438430,Left Action,Left Action LLC,≤100
242077219243971,The Presidential Coalition,The Presidential Coalition,≤100
103171661289936,Kyle Waterman For Montana Senate District 2 - Democrat,Montanans for Kyle Waterman,≤100
104288381188176,Melissa Smith for a Thriving Montana,MONTANANS FOR MELISSA SMITH,≤100
154269528015922,Byron Donalds,Byron Donalds for Congress,≤100
6333396177,NewsBusters.org,MEDIA RESEARCH CENTER,≤100
407664862957433,Ammar Campa-Najjar for Congress,AMMAR CAMPA-NAJJAR FOR CONGRESS,≤100
15188122178,The Hamilton Collection,The Hamilton Collection,≤100
100233228182981,Madison Cawthorn for Congress,CAWTHORN FOR NC,≤100
118686519962406,NIOSH Aerosol Respirator and Face Shield Protection for The General Public,"Eastern PPE Imports, LLC",≤100
159964696102,Kevin McCarthy,KEVIN MCCARTHY FOR CONGRESS,≤100
2353115591423642,James Brown for Montana Public Service Commission,James Brown for Montana,≤100
237477017606,Club for Growth,Club for Growth,≤100
673117639774135,Gretchen Whitmer,Gretchen Whitmer for Governor,≤100
118548500327,Billy Graham Evangelistic Association,BILLY GRAHAM EVANGELISTIC ASSOCIATION,≤100
2037695643113766,Blexit,Blexit Foundation,≤100
345378512258813,Elise Stefanik,ELISE FOR CONGRESS,≤100
1529468987331408,BulbHead,TELEBRANDS CORP.,≤100
189097124503473,Goldco,Goldco,≤100
60449667441,Family Research Council,FAMILY RESEARCH COUNCIL,≤100
655065784538368,PredictIt,"PredictIt - Prediction Markets. A project of Victoria University of Wellington, PredictIt has been established to facilitate research into the way markets forecast events.",≤100
1530883997194411,United States Constitution,Flag and Cross,≤100
107654924064350,Pat Timmons-Goodson,PATRICIA TIMMONS-GOODSON FOR CONGRESS,≤100
59386210330,American Lung Association,AMERICAN LUNG ASSOCIATION,≤100
41309865723,Democrats.com,DEMOCRATS.COM,≤100
118502801658228,Young Kim,Young Kim for Congress,≤100
136818983856,Purina,Nestle Purina Petcare Company,≤100
100742855137512,Patriotic Freedom,spraw.uk.com,≤100
680894095682539,Cowboy Life,"Nine Ranch Enterprises, LLC",≤100
182073298490036,Gaia,These ads ran without a disclaimer,≤100
643463669628493,Public Opinion Research Group,"Public Opinion Research Group, Inc",≤100
140871219950672,TIME'S UP,TIME'S UP,≤100
116546288359245,Heritage Action for America,HERITAGE ACTION FOR AMERICA,≤100
108342854070297,Jim For SD38,Jim Buterbaugh for SD 38,≤100
104684067632334,Unite the Country,UNITE THE COUNTRY,≤100
293225127381200,Patriot Depot,The Patriot Depot,≤100
8492293163,Environmental Defense Fund,Environmental Defense Fund,≤100
112061263559394,Kelly Kortum for Montana House District 65,Kelly Kortum for HD65 (KellyForMT),≤100
6820348410,Kirsten Gillibrand,Gillibrand for Senate,≤100
6236054211,Brady,Brady Campaign to Prevent Gun Violence,≤100
201287297283968,Representative Frank Fleming,"Fleming For Legislature. 626 South 38th Street West #22, Billings, MT 59102. Republican",≤100
108228897468271,Superfeed,Feedme Inc.,≤100
8550121410,Free Speech America Project,MEDIA RESEARCH CENTER,≤100
105495747968644,Montana Transparency Report,The Montana Democrats,≤100
894096170667732,Ashley Hinson,Ashley Hinson For Congress,≤100
209516845093,NRDC Action Fund,NRDC Action Fund,≤100
747436915270894,Congressional Leadership Fund,CONGRESSIONAL LEADERSHIP FUND,≤100
601472019907779,Latino Victory,Latino Victory,≤100
471487683059990,American Mind,"CLAREMONT INSTITUTE FOR THE STUDY OF STATESMANSHIP AND POLITICAL  PHILOSPHY, THE",≤100
429812024048177,Doug Jones for Senate,DOUG JONES FOR SENATE COMMITTEE,≤100
1683659714985244,Phil Ehr,EHR FOR CONGRESS,≤100
834645469890446,Devin Nunes,DEVIN NUNES CAMPAIGN COMMITTEE,≤100
405209453580678,Proud Trump Supporters,Proud Right Winger,≤100
586751814690068,Joni Ernst,Joni for Iowa,≤100
354716314909000,Swing Left,Swing Left,≤100
49651563727,Live Action,Live Action,≤100
38235851310,USA for UNHCR,UNITED STATES ASSOCIATION FOR UNHCR,≤100
259212814698356,Democratic Majority for Israel,DMFI PAC,≤100
87186661244,Johns Hopkins Bloomberg School of Public Health,Johns Hopkins Bloomberg School of Public Health,≤100
100148001864749,Legends of USA Freedom,lobasti.uk.com,≤100
1836138529938551,Greater Half,Greater Half,≤100
292351509697,Jerusalem Prayer Team,Jerusalem Prayer Team,≤100
103531607822207,Noticias para Inmigrantes,"Wise Rock Media, PBC",≤100
107237631141061,Montana for Jo Jorgensen 2020,Robert Victor Imhoff Dousharm,≤100
17911165812,Covenant House International,Covenant House,≤100
219247332354785,Phil Arballo for Congress,ARBALLO FOR CONGRESS,≤100
308159713150350,Voter Protection Project,VOTER PROTECTION PROJECT,≤100
104351147973521,BLM Store,www.BLM.store,≤100
2309566456030859,Human Coalition Action,Human Coalition Action,≤100
819607471729183,Dr. Al Gross for US Senate,DR. AL GROSS FOR U.S. SENATE,≤100
455147011996099,The Ann and Phelim Scoop,The Unreported Story Society,≤100
26006662641,Arizona Democratic Party,Arizona Democratic Party,≤100
23790541544,Democrats,DCCC,≤100
115128773664050,"Not Him, Us",Action For A Progressive Future,≤100
1297437463649811,by Humankind,by Humankind,≤100
355316521236121,John Cornyn,Cornyn Majority Texas,≤100
90498769709,Edenpure,EdenPURE®,≤100
108543130978621,Proud American Gifts,The GOP Shop,≤100
1415024082085086,Suzzann Nordwick,NORDWICK FOR MONTANA,≤100
106224464107240,Jo Jorgensen,Jo Jorgensen for President,≤100
420785874975425,Conservative Institute,The Conservative Institute,≤100
277414242013,Joyce Elliott,JOYCE ELLIOTT FOR CONGRESS,≤100
934438026690635,YouGov,YOUGOV AMERICA INC.,≤100
151525932186806,When Democrats Turn Out,WHEN DEMOCRATS TURN OUT PAC,≤100
103185334702225,Stop Trump PAC,STOP 45 PAC,≤100
808450969246896,"Rebecca Walser, Tax Attorney, CFP",Walser Wealth Management,≤100
103901771487348,USA Saviors stores,artac.uk.com,≤100
2602473023098666,Democratic Polling Center,Democratic Governors Association,≤100
257019421075897,Cory Gardner,Cory Gardner for Senate,≤100
612701059241880,Latinos for Trump,TRUMP MAKE AMERICA GREAT AGAIN COMMITTEE,≤100
169130470583214,Demand Justice,Demand Justice,≤100
278703415666824,Jeremy Jones,Protect Our Winters Action Fund,≤100
265268336865693,Do Amore,Do Amore Limited Company,≤100
239369754353,Wooden Ships by Paola Buendia,WOODEN SHIPS OF HOBOKEN,≤100
107523875954231,Danny Davis,Protect Our Winters,≤100
51761261956,The Bill of Rights Institute,"BILL OF RIGHTS INSTITUTE, THE",≤100
110124618713,American Principles Project,American Principles Project,≤100
1488803804538481,Mike Siegel,MIKE SIEGEL FOR CONGRESS,≤100
103026384819654,How to Vote,ACRONYM,≤100
1765073800454902,Reform Austin,Reform Austin Inc.,≤100
167586229923327,World Food Program USA,World Food Program USA,≤100
114646533630729,Yes. Every Kid.,"yes. every kid, Inc.",≤100
21559454473,FAIR,FEDERATION FOR AMERICAN IMMIGRATION REFORM,≤100
113976907107946,Dumps for Trumps,Dumps for Trumps,≤100
911828698840246,ReLEntless Defender Apparel,ReLEntless Defender Apparel,≤100
873550809444862,Mighty Earth,Mighty Earth,≤100
1106859749348899,Brody Leven,Protect Our Winters Action Fund,≤100
8501031021,VoteVets.org,"VoteVets Action Fund, Inc.",≤100
108579200573391,Dawson County Dems,Blake Andrew Phillips,≤100
7263476274,Mercy Corps,Mercy Corps,≤100
493811210669780,Creative Action Network,Creative Action Network,≤100
105010030848236,Bryant Cameron Webb,DR. CAMERON WEBB FOR CONGRESS,≤100
101295517956158,Tricia Zunker,Tricia Zunker for Wisconsin,≤100
1013391422160726,Dr. Jane Gillette for MT House,Dr Jane Gillette for Montana,≤100
1690071827911682,Cleancult,cleancult,≤100
14226615647,People For the American Way,People For the American Way,≤100
210333902420876,Sean Parnell,AMERICANS FOR PARNELL COMMITTEE,≤100
113702026736466,National Parks Action Fund,National Parks Action Fund,≤100
197760674021143,Indivisible Guide,INDIVISIBLE ACTION,≤100
38471053686,Elizabeth Warren,"WARREN DEMOCRATS, INC.",≤100
720943967965149,AFSCME Retirees,AMERICAN FEDERATION OF STATE COUNTY & MUNICIPAL EMPLOYEES,≤100
23978156246,UnidosUS,UnidosUS with Facebook Credits,≤100
7192716362,Amnesty International USA,"AMNESTY INTERNATIONAL OF THE U. S. A., INC.",≤100
6428288402,Kiva,KIVA MICROFUNDS,≤100
109984394118472,Mask Exemption Cards,Mask Exemption Cards,≤100
1964269556987922,The Conservation Coalition,American Conservation Coalition Campus,≤100
106818880900065,Planet Insiders,Planet Insiders,≤100
101324424793972,Jimmy Patelis,"Montanans for Jimmy Patelis, 6312 Gray Hawk Way, Billings MT 59106 (R)",≤100
96171427550,Raja for Congress,FRIENDS OF RAJA FOR CONGRESS,≤100
173837496125511,Conscious Step,Conscious Step,≤100
6713653788,Gary Peters,PETERS FOR MICHIGAN,≤100
7145381235,American Jewish World Service - AJWS,"AMERICAN JEWISH WORLD SERVICE, INC.",≤100
108118933908193,Next Level Goods,Next Level Goods LLC,≤100
50982313030,Food & Water Watch,Food & Water Watch,≤100
157810487611661,Freethink,Freethink,≤100
53674651369,Susan B. Anthony List,Susan B. Anthony List,≤100
106667854471975,Outspoken,Log Cabin Republicans,≤100
1005566252861190,VOTEPROCHOICE,DEMOCRATS.COM,≤100
95181800661,Levi's,Levi's®,≤100
6787988478,Physicians for Human Rights,"PHYSICIANS FOR HUMAN RIGHTS, INC.",≤100
628891490457484,Nancy Mace,Nancy Mace for Congress,≤100
12301006942,Democratic Party,DNC SERVICES CORP./DEM. NAT'L COMMITTEE,≤100
24481937944,Theodore Roosevelt Conservation Partnership,"THEODORE ROOSEVELT CONSERVATION PARTNERSHIP, INC",≤100
104170004713256,Elect Black Democrats,THE COLLECTIVE PAC,≤100
34370387440,JDRF,JDRF INTERNATIONAL,≤100
306591716448427,Cindy Axne,CINDY AXNE FOR CONGRESS,≤100
1053833861326820,John Burke,Presidential Playbook,≤100
5644748986,National Wildlife Federation,NATIONAL WILDLIFE FEDERATION,≤100
320437294638279,Campus Vote Project,FAIR ELECTIONS CENTER,≤100
1106859749348899,Brody Leven,Protect Our Winters,≤100
947348891946599,Michael Waltz,MICHAEL WALTZ FOR CONGRESS,≤100
872842866161157,One Nation Design,One Nation Design,≤100
11006419356,The Voice of the Martyrs - USA,"VOICE OF THE MARTYRS, INC., THE",≤100
711478725532801,Civiqs,Civiqs,≤100
6240652407,Young America's Foundation,YOUNG AMERICA'S FOUNDATION INC,≤100
261343034731,Concern Worldwide US,"CONCERN WORLDWIDE (U.S.), INC.",≤100
169294473121454,Policetees.com,PoliceTees.com,≤100
153558388549863,History Images,These ads ran without a disclaimer,≤100
15771560300,Earthjustice,EARTHJUSTICE,≤100
123838185676931,Quinn Nystrom for Congress,Quinn Nystrom for Congress,≤100
394382318084500,United Against Mitch,GUARDIAN PAC,≤100
104768398061257,Let America Vote PAC,LET AMERICA VOTE PAC,≤100
224110651893,International African American Museum,IAAM,≤100
702582586516561,CBN Israel,"The Christian Broadcasting Network, Inc.",≤100
218169954887600,Anedot,"Anedot, Inc.",≤100
284946111858895,Debbie Mucarsel-Powell,DEBBIE FOR CONGRESS,≤100
243510442756370,Justice Democrats,JUSTICE DEMOCRATS PAC,≤100
1088950287806118,Climate Hustle 2,CFACT,≤100
35169196082,Project HOPE,"PROJECT HOPE-THE PEOPLE-TO-PEOPLE HEALTH FOUNDATION, INC.",≤100
1977738355807406,Sharice For Congress,SHARICE FOR CONGRESS,≤100
102592959026,Ocean Conservancy,"OCEAN CONSERVANCY, INC.",≤100
114517875225866,The Other 98%,OTHER 98 PERCENT ACTION,≤100
103373224404755,Impact Slates,COLLECTIVE IMPACT PAC,≤100
101229485069553,America Votes Trump Out,TECH FOR CAMPAIGNS,≤100
1841824626073676,Candace Valenzuela,CANDACE FOR 24,≤100
1136781033034012,Brave New Look,Brave New Look,≤100
102745147891580,Trump Coolers,Trump Coolers,≤100
156994304362574,American Bridge 21st Century,AB PAC,≤100
514167322309353,Dan Crenshaw,Crenshaw For Congress,≤100
80060452756,Congressional Black Caucus Foundation,CONGRESSIONAL BLACK CAUCUS FOUNDATION INC,≤100
1204754733024419,People's Power Grab,ACRONYM,≤100
470241276500901,Women Vote,WOMEN VOTE!,≤100
135298176481584,Marine Corps Scholarship Foundation,Marine Corps Scholarship Foundation,≤100
1405531563044620,By Incuta,These ads ran without a disclaimer,≤100
215642455673147,Build the Wave,BUILD THE WAVE,≤100
884608308247144,Armadillo Hat Company,Armadillo Hat Company,≤100
142432192446984,David Horowitz Freedom Center,David Horowitz Freedom Center,≤100
1428283027462702,Restoration PAC,RESTORATION PAC,≤100
219612384781411,Bloomberg Philanthropies,Bloomberg Philanthropies,≤100
746938465317981,Nuclear Matters,Nuclear Matters,≤100
20395377020,Old Navy,Old Navy LLC,≤100
67626834312,National Women's Law Center,National Women's Law Center,≤100
19342050934,Leadership Institute,LEADERSHIP INSTITUTE INC,≤100
30139072158,CARE,CARE,≤100
342887442508723,Convention of States,Convention of States Action,≤100
102436701226752,Is It Sunday Yet?,Jarrett J Rogers,≤100
165858562140,Western Resource Advocates,Western Resource Advocates,≤100
11309713071,Gates Foundation,Bill & Melinda Gates Foundation,≤100
18709174006,National Audubon Society,"NATIONAL AUDUBON SOCIETY, INC.",≤100
106949844346620,Trumpian Republicans,Gregory Lawrence Burright,≤100
193618220508,LIFE Today,LIFE Outreach International,≤100
111892670610842,Political AF,wowengraving,≤100
102174794744545,Scott Price for Montana,"Scott Price for Senate (R), 2369 Westfield Dr., Billings,MT 59106",≤100
1109093812491437,Blaze Media,Blaze Media LLC,≤100
51379424899,Mercy Ships,MERCY SHIPS INTERNATIONAL,≤100
497081420632330,Dr. Hiral Tipirneni,HIRAL FOR CONGRESS,≤100
116238930177726,Artsiful,SHAW CONSULTING LLC,≤100
253791814655400,Doug Collins,"COLLINS FOR SENATE, INC.",≤100
669725606516932,Physicians for Informed Consent,PHYSICIANS FOR INFORMED CONSENT,≤100
113502933787595,Patriots United,Local Growth Labs,≤100
30708742052,FCTRY,FCTRY,≤100
126855128568,FEBC (Far East Broadcasting Company),"FAR EAST BROADCASTING COMPANY, INC.",≤100
14440196673,Teamsters,INTERNATIONAL BROTHERHOOD OF TEAMSTERS,≤100
405469100189512,Still My President - Donald Trump,Red State Politics LLC,≤100
780941275347834,Ilhan Omar,ILHAN FOR CONGRESS,≤100
544649299014023,Avalara MyLodgeTax,"AVALARA, INC.",≤100
142370046577999,Shahid Buttar for Congress,Shahid Buttar for Congress Committee,≤100
2267285956849056,Donald Trump 2020 Fans,I Love My Freedom,≤100
15239367801,The Wilderness Society,"WILDERNESS SOCIETY, THE",≤100
100873198198272,Jeremy Olson for McKenzie County Commissioner,Jeremy Lynn Olson,≤100
38234604057,PEN America,PEN AMERICAN CENTER INC,≤100
109730367562817,American's Club,artac.uk.com,≤100
156919911022572,Steven Horsford,NEVADANS FOR STEVEN HORSFORD,≤100
105882174183801,PACRONYM,"PACRONYM, PACRONYM.org. Not authorized by any candidate or candidate’s committee.",≤100
737686089933715,Conservative Collections,Mainline Media Group,≤100
1354622541311687,Dr. Kim Schrier,DR KIM SCHRIER FOR CONGRESS,≤100
57259033959,AARP,AARP,≤100
32975139631,If Americans Knew,If Americans Knew,≤100
100929481572633,Steve Gist for Montana House District 25,Gist for Montana House,≤100
1613289982270065,Choose Courage Foundation,Choose Courage Foundation,≤100
194115677277113,A21,A21 with Facebook Ad Credits,≤100
562149327457702,Andrew Yang,Humanity Forward,≤100
114386721939978,The Made in America Store,Made In America Store,≤100
2132239103548917,Every Last One,Every Last One,≤100
124530924015,Hank Gilbert,HANK GILBERT FOR CONGRESS,≤100
34362997676,United States Holocaust Memorial Museum,UNITED STATES HOLOCAUST MEMORIAL MUSEUM,≤100
105561217523274,The_Dispatch,"Dispatch Media, Inc.",≤100
105624247754904,More in Common,More in Common,≤100
104504438466,Federal Voting Assistance Program - FVAP,Federal Voting Assistance Program,≤100
111324359048459,Dr. Roger Marshall,KANSANS FOR MARSHALL,≤100
324558475104607,United We Dream Action,United We Dream Action,≤100
29883711738,Independent Women's Voice,Independent Women's Voice,≤100
313163945066,U.S. Bank,U.S. BANCORP,≤100
317284821682168,Messianic Jewish Alliance of America (MJAA),Messianic Jewish Alliance of America,≤100
111637707086671,Kristi Celander for Clerk of Court,Kristi Lynette Celander,≤100
1161005637372969,Just Democracy,Just Democracy,≤100
104755587694351,Health Insured,"Mayo Labs, LLC",≤100
1268410219898273,Tango Tango,Tango Tango Inc,≤100
291102898490822,Giant Maga Hat,Inventors club LLC,≤100
107953199261156,ifaw,"INTERNATIONAL FUND FOR ANIMAL WELFARE, INC.",≤100
192013990902459,Roy Cooper,Cooper For North Carolina,≤100
1656666204620806,The Wright Stuff Chics,The Wright Stuff Chics,≤100
181183059253295,Dorsal Bracelets,Dorsal Bracelets,≤100
107391351117812,National Women's Law Center Action Fund,National Women's Law Center Action Fund,≤100
143986912311328,University of Vermont Continuing and Distance Education,University of Vermont,≤100
496696933682736,Jeff Merkley,JEFF MERKLEY FOR OREGON,≤100
785936231584382,Paula Jean Swearengin,Paula Jean for West Virginia,≤100
105536127617594,The American Digest,The American Digest,≤100
170591064699,Southern Poverty Law Center,"SOUTHERN POVERTY LAW CENTER, INC., THE",≤100
1733918116873254,BackWoods Mafia,Backwoods Mafia,≤100
111449657160486,Gerry Browning House District 12 - Democrat,Gerry Browning for HD 12,≤100
10498053716,Media Research Center,MEDIA RESEARCH CENTER,≤100
357750373755,National Domestic Workers Alliance,National Domestic Workers Alliance,≤100
201956993160690,MRCTV,MEDIA RESEARCH CENTER,≤100
1509931725996382,CAFE,"CAFE Studios, Inc.",≤100
102315041409283,Horses in our Hands,In our Hands Action Fund,≤100
203330919857759,All On The Line,National Redistricting Action Fund,≤100
1934191280189700,Health Care Voter,Health Care Voter,≤100
104099074492299,Derrick Van Orden,VAN ORDEN FOR CONGRESS,≤100
166738743732702,All Above All Action,All Above All Action Fund,≤100
433919203362871,Bird + Stone,BIRD & STONE INC,≤100
102959799834968,Diane Mitsch Bush for Colorado,DIANE FOR COLORADO CD3,≤100
29697575576,Paralyzed Veterans of America,PARALYZED VETERANS OF AMERICA,≤100
127821707877,YWCA USA,"YWCA OF THE USA, NATIONAL BOARD (INC)",≤100
1648154845427417,Doggy Do Good,Do Something Good LLC,≤100
105368190818267,Corky Messner for Senate,MESSNER FOR SENATE,≤100
747783932079184,Jared Golden for Congress,COMMITTEE TO ELECT JARED GOLDEN,≤100
6476528946,NAACP,National Association for the Advancement of Colored People (NAACP),≤100
352527958302,Israel on Campus Coalition,Israel on Campus Coalition,≤100
32582320449,CMMB,CATHOLIC MEDICAL MISSION BOARD INC,≤100
192015461630968,Supporting Our Brave Veterans,"Marco Polo Publications, Inc.",≤100
231378747265828,Cameo,Cameo,≤100
105157841248307,No Filter Politics,No Filter Politics,≤100
381961415567749,Greg Pence,Greg Pence for Congress,≤100
19746387261,Humane Society International,Humane Society International,≤100
46347342434,EMILY's List,EMILY'S LIST,≤100
134452023239984,Human Coalition,Human Coalition,≤100
6851405967,CREDO Mobile,"CREDO MOBILE, INC.",≤100
83290028957,Care Net,CARE NET,≤100
153448568178288,Silkies,"Semper Silkies, LLC",≤100
698865983845402,Show Up To Vote,"PACRONYM, PACRONYM.org. Not authorized by any candidate or candidate’s committee.",≤100
106172187688922,Ken Walsh for HD #71,Walsh for HD #71,≤100
2264090133834042,Invite Research,Precision Network,≤100
115024746010017,MediaWise,MediaWise,≤100
57403415485,Showtime Networks,Showtime Networks,≤100
103115651539543,State of American Democracy,State of American Democracy,≤100
102224157947047,NOFWA,NOFWA,≤100
11918108948,African Wildlife Foundation,AFRICAN WILDLIFE FOUNDATION,≤100
171287339973880,LCV Victory Fund,"LCV Victory Fund, 202-785-8683, and not authorized by any candidate or candidate’s committee",≤100
143021112391265,Jacobin magazine,Jacobin Foundation,≤100
83865976093,Truthout,TRUTHOUT,≤100
1900315810015186,Vow for Girls,"VOW - To End Child Marriage, Inc.",≤100
449816192500640,Shield Legal,"Shield Legal, LP",≤100
1443127535947107,Save the Children Action Network,Save the Children Action Network,≤100
102406998270920,Count Every Hero,RepresentUs,≤100
248181906078243,National Institute for Civil Discourse,CommonSense American,≤100
1837115116571746,Topic,"First Look Productions, Inc",≤100
100504132102,diaTribe®,The diaTribe Foundation,≤100
121626482110,Operation Smile,"OPERATION SMILE, INC.",≤100
169277310432049,"Texas Precision Optics, Inc.",Texas Precision Optics Inc,≤100
2410084349217985,Living Facts,"Living Facts, an initiative of The Pew Charitable Trusts",≤100
241672016328637,Lauren Underwood for Congress,LAUREN UNDERWOOD FOR CONGRESS,≤100
200650357207240,I Love My Freedom,I Love My Freedom,≤100
247732222787053,Our Place,Our Place,≤100
114885646899438,Mr. 45th,Clush,≤100
108624347438229,Luke Jergenson for County Commissioner,County Commissioner Luke Jergenson,≤100
782093245218764,Qasim Rashid,RASHID FOR VA,≤100
199756330090514,Solar United Neighbors,Solar United Neighbors,≤100
5943727453,American Humane,American Humane,≤100
105707511217866,Communities Joining Hands,Communities Joining Hands,≤100
244929708853349,Spotify,Spotify USA Inc.,≤100
20876805343,March of Dimes,MARCH OF DIMES INC.,≤100
160630887998827,Let Them Live,Let Them Live,≤100
514649125971110,EDF Action Votes,EDF Action Votes INC,≤100
1575347412785991,Cheddar,Cheddar,≤100
81517275796,UNICEF USA,UNITED STATES FUND FOR UNICEF,≤100
102212541306207,Self-Employed Health Insurance,GROW with MKG LLC,≤100
1916348325329979,Assurance.com,These ads ran without a disclaimer,≤100
100888341703299,Freedom First,Freedom Initiative Inc.,≤100
234628203317767,Made for Freedom,Made for Freedom,≤100
113110137118723,Collectible Currency,Proud Patriots,≤100
108281434237351,UBS Financial Services Inc.,UBS Financial Services,≤100
361650597855484,Jessica Yellin,News Not Noise,≤100
109360297266116,Fearless Patriot,TERESA NONE OHARA-MARSH,≤100
525697187442438,The Leukemia & Lymphoma Society - Advocacy,"LEUKEMIA & LYMPHOMA SOCIETY, INC., THE",≤100
27311599342,Preemptive Love,Preemptive Love Coalition,≤100
223008867858902,American Action News,American Action News,≤100
108692310594568,UNITE HERE,UNITE HERE PAC,≤100
303061950155375,John James,"JOHN JAMES FOR SENATE, INC.",≤100
162244692732,Brennan Center for Justice at NYU Law,William J Brennan Jr Center for Justice Inc,≤100
72931140459,Center for Biological Diversity,"CENTER FOR BIOLOGICAL DIVERSITY, INC.",≤100
2262957027289120,Expose Tobacco,Stopping Tobacco Organizations and Products,≤100
6165653060,AFSCME,AMERICAN FEDERATION OF STATE COUNTY & MUNICIPAL EMPLOYEES,≤100
7814597100,Jim Jordan for Congress,JIM JORDAN FOR CONGRESS,≤100
105623977985076,I Voted By Mail,TECH FOR CAMPAIGNS,≤100
7962229886,Environmental Working Group,ENVIRONMENTAL WORKING GROUP,≤100
123624513983,The Western Journal,The Western Journal,≤100
100366414931423,Repustar,Repustar Inc.,≤100
1486604288305133,Happy Earth Apparel,Happy Earth LLC,≤100
109698737529541,WomanKindness,WomanKindness,≤100
192015461630968,Supporting Our Brave Veterans,James Brian Plouf,≤100
570331853141386,Friends of Traditional Banking,FRIENDS OF TRADITIONAL BANKING INC,≤100
152264148166020,Moms Clean Air Force,Moms Clean Air Force,≤100
126053105675,Save the Redwoods League,Save The Redwoods League,≤100
723136714746586,The Common Ground Project,"The Common Ground Project, Inc",≤100
519020275223774,CoCreate Financial,CoCreate Financial,≤100
213687698658,Americans for Prosperity Foundation,Americans for Prosperity Foundation,≤100
152315634778510,UsAgainstAlzheimer’s,UsAgainstAlzheimer's,≤100
112378316832885,Better PA,"Better Pennsylvania, Inc.",≤100
530113013791520,American Kratom Association,American Kratom Association,≤100
54787697857,Ron Wyden,WYDEN FOR SENATE,≤100
357554791340788,Liker,Omar Rivero,≤100
100697751658498,Stronger.org,The Public Good Projects,≤100
40973310753,Pathfinder International,Pathfinder International,≤100
1024984580892392,Josh Gottheimer for Congress,JOSH GOTTHEIMER FOR CONGRESS,≤100
7219151423,The Fund for American Studies (TFAS),The Fund for American Studies,≤100
273168429458189,Center for Western Priorities,Center for Western Priorities,≤100
299907453682524,American Legacy Center,American Legacy Center,≤100
101670818343460,Moms for America Action,Moms for America Action Inc.,≤100
1799282383731277,TwoSeventy,Alexander Jared Deutsch,≤100
1905515863109983,Power In Cooperation,Power in Cooperation,≤100
111945553601129,Trump2020 Coffee,Trump2020 Coffee,≤100
1299326366748402,Hippy Feet,Hippy Feet GBC,≤100
346937065399354,Occupy Democrats,RO FOR CONGRESS INC,≤100
143528022388140,The Allstate Foundation,The Allstate Foundation,≤100
38234604057,PEN America,PEN America with Facebook ad credits,≤100
89757739264,Farm Credit,Farm Credit Council,≤100
103597034685122,Vote Like A Madre,LATINO VICTORY PROJECT,≤100
592707041080920,Stand Together,Stand Together Chamber of Commerce Inc.,≤100
1721333671443168,Majority Forward,MAJORITY FORWARD,≤100
177468535761851,Cruelty Free International - United States,Cruelty Free International - United States,≤100
23906288031,NORML,NATIONAL ORGANIZATION FOR REFORM OF MARIJUANA LAWS,≤100
103911824657671,Health Insurance,SmartSites,≤100
103911824657671,Health Insurance,Michael Melen,≤100
308353252483,Kristi Noem,Kristi for Governor,≤100
231154884924705,AboutTrump.org - and Biden,A MARK FOUNDATION,≤100
102689561566768,Party Line Shedd,DCCC,≤100
114937555342547,Seth Abramson,Macmillan Publishing,≤100
550881648294523,350 Action,350.org Action Fund,≤100
1439364926329185,Animal Matters,Animal Matters,≤100
128716440866482,Adam Milstein,Adam Milstein,≤100
2256321067930356,Liberteeclub,libertyteeshop,≤100
334748476594191,Rodney Davis,Rodney for Congress,≤100
210357995667559,The National Memo,The National Memo,≤100
142992759853421,Be A Hero,BE A HERO PAC,≤100
1511755845736869,First15,Denison Ministries,≤100
21472760578,C-SPAN,C-SPAN,≤100
7642602143,Mother Jones,FOUNDATION FOR NATIONAL PROGRESS,≤100
98912141410,American Forests,American Forests,≤100
130848666099,Business Forward,Business Forward Inc.,≤100
100123544800892,Disme Coin Company,Byron Michael Laughlin,≤100
1613516851999536,Sunrise Movement,Sunrise,≤100
7292655492,MoveOn,MOVEON.ORG CIVIC ACTION,≤100
2024724794495270,Engage OC,Engage OC. Not authorized by a candidate or a committee controlled by a candidate. FPPC# 1415819,≤100
788632858205691,Zero Waste Face,Zero Waste Face,≤100
207549645977714,Families Belong Together,Families Belong Together,≤100
87199812705,Advocates for Youth,ADVOCATES FOR YOUTH INC,≤100
646594582623475,Republican Nations,wowengraving,≤100
166471303706,OkCupid,"MATCH GROUP, LLC",≤100
1049573471767276,The Guardian Fund,THE GUARDIAN FUND,≤100
108722535869070,ND House and Senate Democratic-NPL Caucus,Legislative Victory Fund,≤100
153678684700451,American Investment Council,AMERICAN INVESTMENT COUNCIL,≤100
109320440856128,Together Beat Hate,"Foundation to Combat Anti-Semitism, Inc.",≤100
331037760381749,Sierra Magazine,SIERRA CLUB,≤100
1947525322184514,One Fair Wage,One Fair Wage,≤100
210820618956311,Community Change Action,Center for Community Change Action,≤100
103682988095910,Right Wing Support,Right Wing Support,≤100
113669283796631,Open Cal Now,OpenCalNow,≤100
13867925345,Equality Florida,Equality Florida,≤100
129278807814364,Women of Welcome,Welcome.,≤100
257084341125701,Crowdpac,Crowdpac LLC,≤100
104732736288252,Caroline Gleich,Protect Our Winters,≤100
8524198486,Physicians Committee for Responsible Medicine,"PHYSICIANS COMMITTEE FOR RESPONSIBLE MEDICINE, INC.",≤100
6213734772,AHA Foundation,AHA Foundation,≤100
613472332368376,The Cicero Institute,The Cicero Institute,≤100
101281925020337,Turnout100,Turnout100,≤100
176386243508,North Dakota Democratic-NPL,North Dakota Democratic-NPL Party,≤100
361960287311696,Better Medicare Alliance,"Better Medicare Alliance, Inc",≤100
680549575421741,UnitedVoice.com,"Beachside Media, Inc.",≤100
700558280309875,Sootchy App,Sootchy Inc,≤100
34233921079,National Queer Asian Pacific Islander Alliance,"NATIONAL QUEER ASIAN PACIFIC ISLANDER ALLIANCE, INC., THE",≤100
29770886815,Marijuana Policy Project,MARIJUANA POLICY PROJECT,≤100
218020061613734,UBS,UBS Financial Services Inc.,≤100
56332452163,AMA Patients Action Network,American Medical Association,≤100
258122005141,The Climate Center,The Climate Center,≤100
283925872728,Stand for Children Arizona,Stand for Children Arizona IEC,≤100
34701792581,EWTN,Eternal Word Television Network,≤100
105354334483199,The Business Download,These ads ran without a disclaimer,≤100
145380305523723,Secure America Now,Secure America Now,≤100
18813753280,Human Rights Campaign,"HUMAN RIGHTS CAMPAIGN, INC",≤100
109982877529134,Defend American Democracy,Defend American Democracy,≤100
108029674299216,We The People,We The People,≤100
953113491536337,Black to the Future Action Fund,Black to the Future Action Fund,≤100
327202261326682,Stephanie Bice,Bice for Congress,≤100
112600915451330,No Labels,No Labels,≤100
1764306443784870,PL+US Action Fund,PLUS ACTION FUND,≤100
16534314739,Facing History and Ourselves,"FACING HISTORY AND OURSELVES NATIONAL FOUNDATION, INC.",≤100
112735922758892,Charlie Kirk,Turning Point Action,≤100
18813753280,Human Rights Campaign,"HUMAN RIGHTS CAMPAIGN, INC.",≤100
396763120791972,Native Business,Native Business Magazine,≤100
711909245654048,National Police Support Fund,National Police Support Fund,≤100
1420119678080729,EveryDistrict,EVERYDISTRICT,≤100
435822183152685,Midas Gold,MIDAS GOLD CORP,≤100
218295086290055,American Leadership Committee,"American Leadership Committee, and not authorized by any candidate.",≤100
10897453188,Operation Mobilization - OM USA,"OPERATION MOBILIZATION USA, INC.",≤100
292710704135765,Young Evangelicals for Climate Action,Young Evangelicals for Climate Action,≤100
251632675552663,Rigged: The Voter Suppression Playbook,American Issues Initiative,≤100
1681120172099567,Libertarian Candidates,Libertarian Candidate,≤100
408250066356,Bill O'Reilly,"Bill Me, Inc.",≤100
2259323457517498,Abolish the Electoral College,ABOLISH THE ELECTORAL COLLEGE,≤100
107527454263113,Donald Trunk,Melissa Katherine Acton,≤100
102705178256102,Jose Navarro for School Board,Jose Navarro for School Board,≤100
8047221596,Save the Children US,"SAVE THE CHILDREN FEDERATION, INC.",≤100
102579318191600,No Justice No Peace,NO JUSTICE NO PEACE PAC,≤100
868405419972384,The Outrage,The Outrage,≤100
115537125141500,The Boeing Company,The Boeing Company,≤100
34521916336,Brent Bozell,MEDIA RESEARCH CENTER,≤100
333081284065216,Brynne Kennedy for Congress,BRYNNE KENNEDY FOR CONGRESS,≤100
682990071843813,Civil Squared,Center for the Study of Liberty,≤100
111428049989,Cal Cunningham,CAL FOR NC,≤100
1632568446971453,Boredwalk,Boredwalk,≤100
102399064972282,Best America Joy,mabu.uk.com,≤100
2146201085498440,Tony Gonzales,Tony Gonzales for Congress,≤100
7670069196,Searchlight Pictures,Searchlight Pictures,≤100
166495790533335,American Population Panel,CHRR,≤100
109259090549237,Yes on National Popular Vote,Yes on National Popular Vote,≤100
112043050446693,Together for 2020,Left of Center PAC,≤100
104247264551301,Defend Jerusalem,Defend Jerusalem,≤100
109709397469494,Dignity Unbound,Dignity Unbound,≤100
163737697799356,Justice Brett Busby,Brett Busby Campaign,≤100
177820122658949,Marlin & Saltzman,Marlin & Saltzman,≤100
94047978366,PCCC - BoldProgressives.org,PROGRESSIVE CHANGE CAMPAIGN COMMITTEE,≤100
110316380149,Family Policy Alliance,Family Policy Alliance,≤100
10423517786,Harvard Business Review,HARVARD BUSINESS SCHOOL PUBLISHING CORPORATION,≤100
113238287134755,"American Target Advertising, Inc.",The Conservative Caucus,≤100
1681120172099567,Libertarian Candidates,Ryan Allen Raymond,≤100
134323820585259,Black Voters Matter,Black Voters Matter Fund Inc,≤100
102707767976896,Liberty Patriots USA,"Gentry Hardy Holdings, LP",≤100
74697123892,SEIU MN State Council,SEIU MN State Council,≤100
227764782729,AMERICAN - STRONG!,American Strong LLC,≤100
35715544220,Stand.earth,STAND,≤100
1806584769615273,Madison Ashley,Madison Ashley USA LLC,≤100
101464921262312,Alaina for Congress 2020,Alaina Shearer for Congress,≤100
103890001426406,Invest In WA Now,Invest in Washington Now,≤100
394817334402124,2020 Trump Bill,Innovative Ecomm LLC,≤100
141692255929599,Democratic Socialists of America,DEMOCRATIC SOCIALISTS OF AMERICA INC,≤100
1799282383731277,TwoSeventy,Political Games Inc.,≤100
101872814970906,Go Forward,Gwinnett Transit Education Forum Inc.,≤100
305894606423160,ParentsTogether,These ads ran without a disclaimer,≤100
112340430619303,Can't Trust Schweikert,"the American Federation of State, County & Municipal Employees PEOPLE, AFSCMEPEOPLE.org. Not authorized by any candidate or candidate’s committee.",≤100
315151565831,Ascension,Ascension Press,≤100
515881025140911,Parks Project,Parks Project,≤100
487571108071357,North Carolina Coalition for Fiscal Health,North Carolina Coalition for Fiscal Health,≤100
8416861761,TOMS,"TOMS SHOES, LLC",≤100
904415629900364,Save Our Roadless Forests,Save our Roadless Forests,≤100
1000253160054572,Cori Bush,CORI BUSH FOR CONGRESS,≤100
460844281074800,Tiny Trump,Eric Corriel Studios LLC,≤100
95483488591,Democratic Party of Wisconsin,DEMOCRATIC PARTY OF WISCONSIN,≤100
107665644228467,Conservative Journal Review,Conservative Journal Review LLC,≤100
1084856268238034,Trump Talking,Our Friendly Forest,≤100
465483726908192,iVote,iVote Civic Education Fund,≤100
102436701226752,Is It Sunday Yet?,Is It Sunday Yet?,≤100
100523018383357,National Federation of Christian Businesses - NFCB,National Federation of Christian Businesses Inc,≤100
281884085611820,Tedra Cobb,COMMITTEE TO ELECT TEDRA COBB,≤100
186805048171120,U.S. & Texas LawShield,Texas LawShield,≤100
87777747127,Greg Palast,Palast Investigative Fund,≤100
127814007074,LIUNA,LIUNA,≤100
111783969059,Tony Robbins,These ads ran without a disclaimer,≤100
109947294143213,Republicanstorefront,Republicanstorefront.com,≤100
54820342268,National Association of Secondary School Principals (NASSP),NASSP,≤100
589178731746528,Rebellion PAC,Rebellion PAC,≤100
214002058736436,Unite America,UNITE AMERICA,≤100
419237048158257,Susan Collins,COLLINS FOR SENATOR,≤100
1925751504337881,MJ Hegar,MJ FOR TEXAS,≤100
69039563201,Open Doors USA,"OPEN DOORS WITH BROTHER ANDREW, INC.",≤100
104172305904,Dakota Resource Council,Dakota Resource Council,≤100
600217573480158,GOPStore.com,GOPStore.com,≤100
245284549333866,ASMDSS,ASMDSS,≤100
119006106155684,PI Energy,Pi Energy,≤100
38091883105,Republican Party of Pennsylvania,REPUBLICAN FEDERAL COMMITTEE OF PENNSYLVANIA,≤100
1852520761657982,4ocean,4ocean,≤100
106524727819174,True Patriot Supply Co.,True Patriot Supply Co,≤100
100778331787787,Rev Transcripts,Rev,≤100
519590768083165,Abby Finkenauer for Congress,FINKENAUER FOR CONGRESS,≤100
1452551204988299,GoReact,Speakworks Inc,≤100
106657774077733,Alan Roy for State Senate,Committee to Elect Leonard Alan Roy,≤100
104320074406295,David Cook for State Representative,David Cook Campaign,≤100
69611504313,Simon & Schuster,Simon and Schuster,≤100
971668776283950,PolicyEd,Hoover Institution,≤100
64742342517,Hagee Ministries,"GLOBAL EVANGELISM, INC.",≤100
100137754724934,Trump 2020 Supporters,Proud Right Winger,≤100
2071229469789306,Katica Roy,"Pipeline Equity, Inc.",≤100
305894606423160,ParentsTogether,ParentsTogether,≤100
17203056985,Partners In Health,Partners In Health,≤100
102671331487937,I Love My Freedom Store,I Love My Freedom,≤100
101457848380595,Vote 4 Denver Kids,Denver Commits to Kids,≤100
110828620426941,Roger Polack for Congress,ROGER FOR WISCONSIN,≤100
662962894077729,The Well News,The Well News,≤100
740835272633567,Scott Milne for Vermont,Scott Milne for Vermont,≤100
100119981671668,Blue Senate,BLUE SENATE PAC,≤100
169687486427698,Jentezen Franklin,FREE CHAPEL WORSHIP CENTER,≤100
266998036644674,Travis Rice,Protect Our Winters,≤100
111151490241542,Pollemix,Pollemix,≤100
1556928477963264,Steve Sisolak,Committee to Elect Steve Sisolak,≤100
86937680702,Norton,NortonLifeLock Inc.,≤100
1682876188698809,United for Respect,WFP IE COMMITTEE,≤100
290548664672,First Liberty,First Liberty Institute,≤100
160658967396083,Lyft,"LYFT, INC.",≤100
513735589123338,Jason Rarick for Senate,Rarick for Senate,≤100
19554217292,American Heart Association: You're the Cure,American Heart Association,≤100
254943996005,Catholic Answers,"CATHOLIC ANSWERS, INC.",≤100
101481584557260,Help Asheville Bears-HAB,Heather Christina Williams,≤100
8936818385,Accuracy in Media,"ACCURACY IN MEDIA, INC",≤100
101842531465287,Jana R. Mueller for Clerk of the District Court,Jana R. Mueller for Clerk of the District Court,≤100
717417908274761,Lady Freethinker,Lady Freethinker,≤100
7357041101,Tammy Baldwin,TAMMY BALDWIN FOR SENATE,≤100
101888608186192,MedicalCommunitynet,Medical Community LLC,≤100
19036504767,Center for Victims of Torture,"CENTER FOR VICTIMS OF TORTURE, THE",≤100
571182609571332,NextGen America,NEXTGEN CLIMATE ACTION COMMITTEE,≤100
103163458207589,Our Patriot Shop,The GOP Shop,≤100
7341997111,Conservation International,Conservation International,≤100
162493793737,Rick Green,Richard Arlin Green,≤100
151757038879920,Alyse Galvin for Congress 2020,ALYSE FOR ALASKA,≤100
131306317680000,Social Goods,"Social Goods, LLC",≤100
698400060189827,Dan Sullivan,Alaskans for Sullivan,≤100
137459917707,The Brookings Institution,The Brookings Institution,≤100
109914474151573,COMMUNITYx App,CommunityX,≤100
290851614930809,Combat AntiSemitism,Combat Anti-Semitism,≤100
607626319739286,Black Voices for Trump,TRUMP MAKE AMERICA GREAT AGAIN COMMITTEE,≤100
105283560949571,Trump 2024 Film,2024 LLC,≤100
487296634750429,Elect Karen Fann,Elect Karen Fann LD1 Senate,≤100
115497288466814,Home Builders Association of Central Arizona,Home Builders Association of Central Arizona,≤100
137051766452,Purusha People Clothing,Purusha People,≤100
107109947803536,Analyzing America,Gregory Lawrence Burright,≤100
100284648021034,New Tolerance Campaign,New Tolerance Campaign,≤100
179513292162226,American History TV,C-SPAN,≤100
151577215422581,Zioness Movement,"Zioness Movement, Inc.",≤100
103877744493195,Briit Botanicals,Briit Botanicals,≤100
205164243980,Vermont Law School,Vermont Law School,≤100
370657382416,Stanley Black & Decker,"STANLEY BLACK & DECKER, INC.",≤100
105380351292143,Team Kawa,Abraham None Kawa,≤100
1646823955646308,Mike Donovan,NEXUS SERVICES INC,≤100
296708523873754,Karla Dennis and Associates Inc.,"Karla Dennis & Associates, Inc",≤100
143089732792,Marsha Blackburn,Blackburn Tennessee Victory Fund,≤100
260668817346988,Ignite National,IGNITE,≤100
294196590710262,FWD.us,FWD.us,≤100
102389457864860,Treehuggers Bracelets,ECOMX LLC,≤100
367292494407,AJC - American Jewish Committee,AMERICAN JEWISH COMMITTEE,≤100
112552187080266,Protecting Every Future,American Council of Life Insurers,≤100
1701899883357807,Seed Your Future,Seed Your Future,≤100
672213539861652,John Anthony Castro,John Anthony Castro,≤100
398757490729,The National Network to End Domestic Violence,"NATIONAL NETWORK TO END DOMESTIC VIOLENCE, INC.",≤100
121033149320,American Indian College Fund,"AMERICAN INDIAN COLLEGE FUND, THE",≤100
15503839732,Peter G. Peterson Foundation,Peter G. Peterson Foundation,≤100
7209432197,Chris Coons,CHRIS COONS FOR DELAWARE,≤100
107297026677,Labor Council for Latin American Advancement (LCLAA),Labor Council for Latin American Advancement with Facebook ad Credits,≤100
113553048669158,Rick Scott,TEAM RICK SCOTT,≤100
1857848057772311,SiriusXM Entertainment,SiriusXM,≤100
36474716066,Color Of Change,ColorofChange.org,≤100
346814612024906,BoyerAZ,Boyer for Senate,≤100
151297638887120,Upswell,Independent Sector,≤100
1505244559517282,Colin Allred,COLIN ALLRED FOR CONGRESS,≤100
896759427103774,Modern Medicaid Alliance,Modern Medicaid Alliance,≤100
510680265702016,Crowned Free,Crowned Free,≤100
332803374044043,Chris Bubser for Congress,CHRIS BUBSER FOR CONGRESS,≤100
114128055303516,ProgressNow New Mexico,ProgressNow New Mexico,≤100
233116802464,Independent Voter,Independent Voter Project,≤100
1920844444797122,The American Project at Pepperdine SPP,Pepperdine University,≤100
108152933883451,TrumpTrendz,Troy Lorenzo Davis,≤100
1526736227567131,TrueCoverage,True Coverage,≤100
109742407314234,Restoration Action,Restoration Action,≤100
5633824547,FreedomWorks,"FREEDOMWORKS, INC.",≤100
102054228320095,Protecting Free Markets and Main Street,Protecting Free Markets & Main Street LLC,≤100
123963360928,SiriusXM,SIRIUS XM RADIO INC.,≤100
29092950651,TED,These ads ran without a disclaimer,≤100
51405613519,Focus on the Family,Focus on the Family,≤100
839073729808623,Hillary Scholten,SCHOLTEN FOR CONGRESS,≤100
105202730827149,Michael Moore for Commissioner,Michael Moore for Commissioner,≤100
776519762498598,Count MI Vote,COUNT MI VOTE,≤100
184454441693689,National Foundation for Infectious Diseases,National Foundation for Infectious Diseases,≤100
661744180680367,National Police Association,"NATIONAL POLICE ASSOCIATION, INC.",≤100
13063797831,Ben Ray Luján,PEOPLE FOR BEN,≤100
110035803933338,Paul Piotrowski for State Senate,Piotrowski for State Senate,≤100
260366367717440,Committee to Protect Medicare,Committee to Protect Medicare PAC,≤100
221401431386940,Pramila Jayapal,PRAMILA FOR CONGRESS,≤100
101724361319410,Ronny Jackson for U.S. Congress TX-13,Texans for Ronny Jackson,≤100
83996318078,Change.org,"Change.org, PBC",≤100
258470931719484,The Why Minutes,The Why Minutes,≤100
103376804451432,Trending Politics,Making Web LLC,≤100
113896960357316,Peter Wenstrup,CITIZENS FOR WENSTRUP,≤100
431099560800970,Front Page Live,"Front Page Live, Inc.",≤100
514167322309353,Dan Crenshaw,Dan Crenshaw for Congress,≤100
113644103666790,America First,TruthLion,≤100
157652584384932,David Schweikert,FRIENDS OF DAVID SCHWEIKERT,≤100
267180743723148,National Geographic Society,National Geographic Society,≤100
811235738899569,Alleyoop,"Alleyoop, Inc",≤100
404929222888251,Conservation Colorado,Conservation Colorado,≤100
1706061183015990,Caputi for Council,Caputi For Council,≤100
422008131240977,Equality Florida Action PAC,EQUALITY FLORIDA ACTION PAC INC,≤100
102413723172970,Nick Adams,Nick Adams,≤100
112466103920096,Georgia Rising,SMP,≤100
182620315479,Plan International USA,Plan International USA,≤100
134275060386,DAV,DISABLED AMERICAN VETERANS,≤100
69875479869,Upwardly Global,UPWARDLY GLOBAL,≤100
104510688080741,"North Carolina: To Be Safe, Vote Early",DSCC,≤100
1316372698453411,Alexandria Ocasio-Cortez,THE SQUAD VICTORY FUND,≤100
109104833758307,CannedGood,CannedGood,≤100
142836829093760,The American Constitutional Rights Union,Jorge Ernesto Amselle,≤100
1013558392124611,One Vote,One Vote Productions LLC,≤100
1542667775987515,Universal Standard,Universal Standard Inc.,≤100
243399129090445,Christina Hale,HOOSIERS FOR HALE,≤100
373104969480729,SpeakEasy Political,SPEAKEASY POLITICAL INC,≤100
282150391938385,Gallatin County Republican Women,Gallatin County Republican Women,≤100
169440273093442,The Center for Election Science,The Center for Election Science,≤100
215968684159,AFT - American Federation of Teachers,American Federation of Teachers,≤100
394707496275,Threads 4 Thought,Threads 4 Thought,≤100
116599373532197,Lev Haolam US Friends,Lev Haolam. Us friends,≤100
249276273228,Phil Scott for Vermont,Phil Scott For Vermont,≤100
109200595768753,The Christian Left,The Christian Left,≤100
296680801734,Dr. James Dobson's Family Talk,Dr. James Dobson's Family Talk,≤100
113310617054164,Trump Baseball Bats,Trump Baseball Bats,≤100
551158678560402,Epimonia,Epimonia LLC,≤100
244554749685,National Congress of American Indians,NATIONAL CONGRESS OF AMERICAN INDIANS OF THE UNITED STATES AND ALASKA INC,≤100
110124618713,American Principles Project,AMERICAN PRINCIPLES PROJECT PAC,≤100
470123833024708,Constitutional Rights PAC,CONSTITUTIONAL RIGHTS PAC,≤100
186932688457686,CHNGE,CHNGE,≤100
963484097022829,Thrivent Mutual Funds,Thrivent,≤100
8895898655,Rainforest Alliance,"RAINFOREST ALLIANCE, INC.",≤100
112164673854264,Living Patriotically,Living Patriotically,≤100
24470472733,The Trevor Project,The Trevor Project,≤100
1552675688372326,Color Of Change PAC,Color Of Change PAC,≤100
111499100431,National Association for Gun Rights,NATIONAL ASSOCIATION FOR GUN RIGHTS INC,≤100
262589367126101,The Tikvah Fund,TIKVAH FUND,≤100
181924628560212,SumOfUs,SumOfUs,≤100
112459080622760,Church Prepared,Final Consults LLC,≤100
1945837408977507,Michael Moates,-MICHAEL STEVEN MOATES,≤100
1084856268238034,Trump Talking,Roberto None Lugo,≤100
12683623041,Society for Human Resource Management (SHRM),SOCIETY FOR HUMAN RESOURCE MANAGEMENT,≤100
30914589895,The International Fellowship of Christians and Jews,"INTERNATIONAL FELLOWSHIP OF CHRISTIANS & JEWS, INC.",≤100
543066585882629,Libertarian Country,Libertarian Country,≤100
242679302418244,Denison Forum,Denison Ministries,≤100
160191644025128,Walton Family Foundation,WALTON FAMILY FOUNDATION INC,≤100
169042736456594,All Out,All Out Action Fund.,≤100
598394107018675,Assist the Resistance,Assist the Resistance,≤100
1187795864655571,Amy Padden for District Attorney,Amy Padden for District Attorney,≤100
836826976517252,International Christian Embassy Jerusalem - USA,"International Christian Embassy Jerusalem - USA, Inc.",≤100
104112564741005,Artists In Presidents,Artists In Presidents,≤100
148205145252473,Backcountry Hunters & Anglers,Backcountry Hunters & Anglers,≤100
421177048353664,PetJoy,These ads ran without a disclaimer,≤100
601108943431836,The Flip Side,TFS Inc,≤100